{
  "run_id": "20260320-1607-2d_sound_v0.4",
  "notebook": "train/2d-cnn/notebooks/2d_sound_v0.4.ipynb",
  "input_mode": "normalized_plus_mask",
  "machine_filter": "pump",
  "final_metrics": {
    "final_train_loss": 0.35430394030279583,
    "final_val_loss_from_epoch": 0.3870680859105455,
    "eval_train_loss": 0.3635829809639189,
    "eval_val_loss": 0.3870680859105455,
    "final_train_accuracy": 0.8565972222222222,
    "final_val_accuracy": 0.8208333333333333,
    "pred_normal_count": 245,
    "pred_abnormal_count": 475,
    "pred_normal_prop": 0.3402777777777778,
    "pred_abnormal_prop": 0.6597222222222222,
    "normal_recall": 0.6611111111111111,
    "abnormal_recall": 0.9805555555555555,
    "collapse_detected": false,
    "best_epoch": 62,
    "best_val_loss": 0.2599407299525208
  },
  "confusion_matrix": [
    [
      238,
      122
    ],
    [
      7,
      353
    ]
  ],
  "classification_report": {
    "normal": {
      "precision": 0.9714285714285714,
      "recall": 0.6611111111111111,
      "f1-score": 0.7867768595041322,
      "support": 360.0
    },
    "abnormal": {
      "precision": 0.7431578947368421,
      "recall": 0.9805555555555555,
      "f1-score": 0.8455089820359282,
      "support": 360.0
    },
    "accuracy": 0.8208333333333333,
    "macro avg": {
      "precision": 0.8572932330827068,
      "recall": 0.8208333333333333,
      "f1-score": 0.8161429207700301,
      "support": 720.0
    },
    "weighted avg": {
      "precision": 0.8572932330827068,
      "recall": 0.8208333333333333,
      "f1-score": 0.8161429207700303,
      "support": 720.0
    }
  },
  "interpretation_category": "C. Pipeline works, meaningful signal emerging"
}