{
  "run_id": "20260323-1659-2d_sound_v0.8",
  "notebook": "train/2d-cnn/notebooks/2d_sound_v0.8.ipynb",
  "input_mode": "normalized_plus_mask",
  "machine_filter": "pump",
  "final_metrics": {
    "final_train_loss": 0.2611156075091423,
    "final_val_loss_from_epoch": 0.9099195237487199,
    "eval_train_loss": 0.2434357515568127,
    "eval_val_loss": 0.9099195237487199,
    "final_train_accuracy": 0.8985288010915347,
    "final_val_accuracy": 0.6197554290533418,
    "pred_normal_count": 3301,
    "pred_abnormal_count": 6185,
    "pred_normal_prop": 0.3479865064305292,
    "pred_abnormal_prop": 0.6520134935694708,
    "normal_recall": 0.45618556701030927,
    "abnormal_recall": 0.7150483817150484,
    "collapse_detected": false,
    "best_epoch": 1,
    "best_val_loss": 0.721640729936613,
    "best_clip_acc": 0.5844402277039848,
    "best_clip_auc": 0.6100275533265224,
    "clip_aggregation_method": "probability_mean",
    "clip_count": 527,
    "clip_accuracy": 0.618595825426945,
    "clip_auc": 0.6521934305439461,
    "clip_auc_warning": null,
    "clip_pred_normal_count": 181,
    "clip_pred_abnormal_count": 346,
    "clip_pred_normal_prop": 0.34345351043643263,
    "clip_pred_abnormal_prop": 0.6565464895635673,
    "clip_accuracy_probability_mean": 0.618595825426945,
    "clip_accuracy_majority_vote": 0.6242884250474383
  },
  "confusion_matrix": [
    [
      1593,
      1899
    ],
    [
      1708,
      4286
    ]
  ],
  "classification_report": {
    "normal": {
      "precision": 0.4825810360496819,
      "recall": 0.45618556701030927,
      "f1-score": 0.4690122184601796,
      "support": 3492.0
    },
    "abnormal": {
      "precision": 0.6929668552950687,
      "recall": 0.7150483817150484,
      "f1-score": 0.7038344691682404,
      "support": 5994.0
    },
    "accuracy": 0.6197554290533418,
    "macro avg": {
      "precision": 0.5877739456723753,
      "recall": 0.5856169743626788,
      "f1-score": 0.58642334381421,
      "support": 9486.0
    },
    "weighted avg": {
      "precision": 0.6155193241117574,
      "recall": 0.6197554290533418,
      "f1-score": 0.617391363594495,
      "support": 9486.0
    }
  },
  "clip_aggregation_method": "probability_mean",
  "clip_confusion_matrix": [
    [
      87,
      107
    ],
    [
      94,
      239
    ]
  ],
  "clip_classification_report": {
    "normal": {
      "precision": 0.48066298342541436,
      "recall": 0.4484536082474227,
      "f1-score": 0.464,
      "support": 194.0
    },
    "abnormal": {
      "precision": 0.6907514450867052,
      "recall": 0.7177177177177178,
      "f1-score": 0.7039764359351989,
      "support": 333.0
    },
    "accuracy": 0.618595825426945,
    "macro avg": {
      "precision": 0.5857072142560598,
      "recall": 0.5830856629825703,
      "f1-score": 0.5839882179675995,
      "support": 527.0
    },
    "weighted avg": {
      "precision": 0.6134133776060782,
      "recall": 0.618595825426945,
      "f1-score": 0.6156359642626589,
      "support": 527.0
    }
  },
  "clip_summary_csv_path": "models/20260323-1659-2d_sound_v0.8/clip_level_predictions.csv",
  "clip_summary_json_path": "models/20260323-1659-2d_sound_v0.8/clip_level_predictions.json",
  "interpretation_category": "B. Pipeline works, weak but nontrivial signal"
}